it,s,o,w,s20,o20,lam_s,lam_c,pCC,pCD,pDC,pDD,pSTART,vCC,vCD,vDC,vDD
0,-21.0633,-11.9262,-32.9895,-24.6094,-10.3828,0.0,0.0,0.5073627829551697,0.5155185461044312,0.4924340546131134,0.4828444719314575,0.5565476417541504,0.08710354566574097,0.35941386222839355,0.08990205079317093,0.35910293459892273
5,-20.7031,-12.773,-33.4762,-24.1875,-10.875,0.0,0.0,0.43203163146972656,0.4386046528816223,0.461664617061615,0.4797554612159729,0.4847470223903656,0.07863028347492218,0.33426615595817566,0.09479943662881851,0.38782650232315063
10,-20.4891,-12.6469,-33.1359,-23.2891,-12.4609,0.0,0.0,0.5164459347724915,0.46624839305877686,0.4578075706958771,0.4875470995903015,0.453125,0.09099035710096359,0.3345382511615753,0.09856965392827988,0.37142413854599
15,-20.5094,-12.2781,-32.7875,-24.8125,-9.5312,0.0,0.0,0.48158639669418335,0.4891658127307892,0.5044182538986206,0.5099485516548157,0.5182291865348816,0.09604322165250778,0.346198707818985,0.10556592047214508,0.34771454334259033
20,-20.0227,-13.3781,-33.4008,-24.2656,-10.6484,0.0,0.0,0.44190219044685364,0.42198309302330017,0.45661604404449463,0.44740697741508484,0.4787946343421936,0.08663712441921234,0.303404837846756,0.10750932991504669,0.39797109365463257
25,-19.7949,-13.1562,-32.9512,-24.2656,-10.625,0.0,0.0,0.4835294187068939,0.4578915238380432,0.46826186776161194,0.4695989787578583,0.456845223903656,0.09911380708217621,0.3189132511615753,0.11695428937673569,0.36054104566574097
30,-19.832,-13.859,-33.691,-24.0938,-11.1094,0.0,0.0,0.4599420726299286,0.41597869992256165,0.39434677362442017,0.4118594229221344,0.4401041567325592,0.08053482323884964,0.2918998897075653,0.11275652796030045,0.4103311598300934
35,-21.3352,-11.2723,-32.6074,-24.6328,-10.1016,0.0,0.0,0.546135663986206,0.5292702317237854,0.5383529663085938,0.5459954738616943,0.5531994104385376,0.09856965392827988,0.38774874806404114,0.0825948417186737,0.32660913467407227
40,-22.4457,-9.3113,-31.757,-26.1719,-7.0703,0.0,0.0,0.6114672422409058,0.6251486539840698,0.649176299571991,0.656602680683136,0.6190476417541504,0.10914178937673569,0.45747822523117065,0.06370491534471512,0.2651974558830261
45,-22.6887,-8.8383,-31.527,-26.2812,-7.0156,0.0,0.0,0.6352331638336182,0.6601462960243225,0.6296782493591309,0.6526723504066467,0.6845238208770752,0.11252331733703613,0.4729088842868805,0.05919620767235756,0.2508939802646637
50,-23.9441,-6.8629,-30.807,-26.8906,-5.5859,0.0,0.0,0.7559107542037964,0.7434080243110657,0.7354345917701721,0.7394510507583618,0.7607886791229248,0.11672107875347137,0.5483520030975342,0.040694963186979294,0.18975435197353363
55,-22.8871,-8.7027,-31.5898,-26.1562,-7.0781,0.0,0.0,0.6463585495948792,0.6548289656639099,0.6965811848640442,0.6608482599258423,0.663690447807312,0.111007459461689,0.47609609365463257,0.054570894688367844,0.25384795665740967
60,-22.9617,-8.4914,-31.4531,-25.7969,-7.9141,0.0,0.0,0.6757221221923828,0.6587832570075989,0.7160316109657288,0.6896328926086426,0.648809552192688,0.11302860826253891,0.4881063401699066,0.05406561121344566,0.2403218299150467
65,-22.3289,-9.3047,-31.6336,-25.8594,-7.6953,0.0,0.0,0.6136671304702759,0.623218297958374,0.6682634949684143,0.6580969095230103,0.6517857313156128,0.11489427834749222,0.45265859365463257,0.06490982323884964,0.26305970549583435
70,-22.3047,-9.3145,-31.6191,-26.1406,-7.2734,0.0,0.0,0.6412495970726013,0.6317919492721558,0.641598105430603,0.6490812301635742,0.625,0.11571051180362701,0.45137593150138855,0.06615360826253891,0.2622823417186737
75,-21.9996,-10.0922,-32.0918,-25.0625,-9.2188,0.0,0.0,0.5886736512184143,0.5919331312179565,0.5826645493507385,0.5949993133544922,0.6309523582458496,0.10432214289903641,0.42786070704460144,0.07264459133148193,0.2906949520111084
80,-20.0848,-13.1449,-33.2297,-23.5703,-11.9453,0.0,0.0,0.4606931507587433,0.4552795886993408,0.45174166560173035,0.44771677255630493,0.4970238208770752,0.0919620618224144,0.31766945123672485,0.10712064802646637,0.37877020239830017
85,-22.5348,-9.0008,-31.5355,-25.4375,-8.375,0.0,0.0,0.6348408460617065,0.6412424445152283,0.6590909361839294,0.668454110622406,0.6607142686843872,0.11602145433425903,0.46424129605293274,0.061567164957523346,0.25369247794151306
90,-23.9281,-6.7039,-30.632,-27.8438,-3.9844,0.0,0.0,0.7682077288627625,0.7483639717102051,0.7686939239501953,0.7634961605072021,0.7708333134651184,0.12274564802646637,0.5523554086685181,0.038984764367341995,0.18143656849861145
95,-23.1273,-8.2398,-31.3672,-27.0625,-5.5938,0.0,0.0,0.6862812042236328,0.6829268336296082,0.6843300461769104,0.6736145615577698,0.6845238208770752,0.1136116310954094,0.4956079125404358,0.05134483799338341,0.23495802283287048
100,-22.8746,-8.7723,-31.6469,-25.8125,-7.9062,0.0,0.0,0.6584938764572144,0.6406056880950928,0.6378931999206543,0.655917227268219,0.7172619104385376,0.11096859723329544,0.47228699922561646,0.05313277244567871,0.2591340243816376
105,-21.5168,-10.6898,-32.2066,-24.7188,-9.6719,0.0,0.0,0.5780742764472961,0.5739565491676331,0.577422559261322,0.555739164352417,0.6041666865348816,0.10778140276670456,0.4041511118412018,0.07781405746936798,0.30577582120895386
110,-21.7285,-10.4516,-32.1801,-25.6875,-8.0625,0.0,0.0,0.5851264595985413,0.5839212536811829,0.5380088090896606,0.5788918137550354,0.6041666865348816,0.10296175628900528,0.4186878204345703,0.07925217598676682,0.2946206331253052
115,-21.7422,-10.2801,-32.0223,-25.7812,-7.6406,0.0,0.0,0.5700534582138062,0.5999444723129272,0.6068507432937622,0.5714094638824463,0.629092276096344,0.10902518779039383,0.41981497406959534,0.07602611929178238,0.29065608978271484
120,-23.5684,-7.3203,-30.8887,-26.9062,-5.6719,0.0,0.0,0.7219200134277344,0.7310456037521362,0.7042628526687622,0.7062706351280212,0.7686011791229248,0.12146300077438354,0.530083954334259,0.04376554861664772,0.20020988583564758
125,-25.5887,-4.018,-29.6066,-28.3906,-3.1016,0.0,0.0,0.8884093761444092,0.8712183833122253,0.9067245125770569,0.915565013885498,0.8876488208770752,0.12608830630779266,0.6603700518608093,0.017918221652507782,0.0911458358168602
130,-25.9008,-3.7336,-29.6344,-27.2031,-5.3359,0.0,0.0,0.9320448637008667,0.8849583268165588,0.9403669834136963,0.8232280015945435,0.909970223903656,0.12468905746936798,0.6713308691978455,0.008473258465528488,0.09102922677993774
135,-24.9391,-5.2445,-30.1836,-27.3594,-4.9531,0.0,0.0,0.9145147204399109,0.7967432737350464,0.8973684310913086,0.7839637994766235,0.875,0.1309468299150467,0.6038945913314819,0.01476990059018135,0.1459110677242279
140,-25.323,-4.8398,-30.1629,-26.7109,-6.0625,0.0,0.0,0.944168746471405,0.8353521227836609,0.9072580933570862,0.7280405163764954,0.827752947807312,0.12531094253063202,0.6225124597549438,0.00963930319994688,0.13805970549583435
145,-25.1957,-4.8719,-30.0676,-26.4766,-6.7656,0.0,0.0,0.8922752141952515,0.8386205434799194,0.886956512928009,0.7666088938713074,0.835565447807312,0.12880907952785492,0.6187422275543213,0.013409514911472797,0.13456156849861145
150,-25.0324,-5.2711,-30.3035,-26.6719,-6.375,0.0,0.0,0.9181570410728455,0.8019846677780151,0.8721311688423157,0.7646157741546631,0.8314732313156128,0.12822605669498444,0.6031949520111084,0.011854788288474083,0.15224657952785492
155,-25.257,-4.8242,-30.0813,-26.8125,-6.0469,0.0,0.0,0.9250226020812988,0.82215815782547,0.9151291251182556,0.7959885597229004,0.8645833134651184,0.12908115983009338,0.620258092880249,0.010533271357417107,0.1356498748064041
160,-25.8555,-3.9965,-29.852,-27.1406,-5.5312,0.0,0.0,0.9437479972839355,0.8664859533309937,0.9494949579238892,0.8082638382911682,0.886904776096344,0.12091884016990662,0.6596704125404358,0.007695895619690418,0.10723724961280823
165,-25.8965,-3.6836,-29.5801,-27.2656,-5.2812,0.0,0.0,0.9505910873413086,0.8838032484054565,0.97826087474823,0.8197498917579651,0.9267113208770752,0.12822605669498444,0.6700093150138855,0.0071517410688102245,0.09013526141643524
170,-25.6961,-4.1535,-29.8496,-26.1875,-7.3906,0.0,0.0,0.9501078128814697,0.8642410039901733,0.9477124214172363,0.7634782791137695,0.8921130895614624,0.12620490789413452,0.6516246795654297,0.00594682851806283,0.11174596101045609
175,-25.3891,-4.5156,-29.9047,-25.1875,-9.3438,0.0,0.0,0.9503772258758545,0.8581586480140686,0.9599999785423279,0.6965495944023132,0.8828125,0.1339396834373474,0.6286147236824036,0.006801927927881479,0.12616604566574097
180,-26.0035,-3.7109,-29.7145,-26.125,-7.5625,0.0,0.0,0.9685336947441101,0.8832985162734985,0.890625,0.7557953596115112,0.9304315447807312,0.12352301180362701,0.6697761416435242,0.004975124262273312,0.0972481369972229
185,-25.5348,-4.5793,-30.1141,-24.875,-9.9688,0.0,0.0,0.97348952293396,0.8574346899986267,0.8468468189239502,0.6442934274673462,0.8723958134651184,0.12608830630779266,0.6278762221336365,0.0043143657967448235,0.13724346458911896
190,-26.1449,-3.4656,-29.6105,-27.4844,-4.7734,0.0,0.0,0.9722046852111816,0.893740713596344,0.978723406791687,0.8011617660522461,0.9159226417541504,0.12305659055709839,0.6818252205848694,0.003653606865555048,0.08698693662881851
195,-25.5027,-4.2625,-29.7652,-26.1328,-7.0078,0.0,0.0,0.9727967977523804,0.8662070631980896,0.881118893623352,0.7322807908058167,0.8757440447807312,0.13716574013233185,0.6370880007743835,0.005558146629482508,0.11571051180362701
200,-25.6809,-4.3316,-30.0125,-25.5703,-8.7422,0.0,0.0,0.9732337594032288,0.8652045130729675,0.8846153616905212,0.6629143357276917,0.8872767686843872,0.12488339841365814,0.6433069109916687,0.003031716449186206,0.12430037558078766
205,-25.7219,-4.2508,-29.9727,-25.125,-9.4453,0.0,0.0,0.9733002185821533,0.8627050518989563,0.84375,0.7064934968948364,0.883184552192688,0.12519434094429016,0.6468827724456787,0.0037313431967049837,0.1197139322757721
210,-26.1328,-3.3527,-29.4855,-26.4688,-6.7578,0.0,0.0,0.9837545156478882,0.8983012437820435,0.8771929740905762,0.831365168094635,0.918154776096344,0.12919776141643524,0.6818252205848694,0.0022154850885272026,0.08228389173746109
215,-25.3738,-4.9398,-30.3137,-23.9844,-11.7734,0.0,0.0,0.9707363247871399,0.847679615020752,0.7211538553237915,0.5955635905265808,0.8608630895614624,0.12352301180362701,0.6172652244567871,0.00404228875413537,0.15069185197353363
220,-25.8484,-3.8688,-29.7172,-25.7812,-8.2266,0.0,0.0,0.9742268323898315,0.8795067667961121,0.8727272748947144,0.7590315341949463,0.8950892686843872,0.12818719446659088,0.6619247794151306,0.004275497514754534,0.10113494843244553
225,-26.1738,-3.4605,-29.6344,-26.7891,-6.1641,0.0,0.0,0.9741544127464294,0.896608829498291,0.9358974099159241,0.7854671478271484,0.9077380895614624,0.12181281298398972,0.6808146834373474,0.003031716449186206,0.08986318111419678
230,-25.6824,-4.2746,-29.957,-24.7656,-10.2109,0.0,0.0,0.9702909588813782,0.8644149899482727,0.800000011920929,0.6731135249137878,0.9170386791229248,0.12690454721450806,0.6421408653259277,0.003886815859004855,0.12259017676115036
235,-25.7379,-4.1508,-29.8887,-24.7656,-9.9531,0.0,0.0,0.9742189645767212,0.8772539496421814,0.8392857313156128,0.6589516401290894,0.890997052192688,0.12814831733703613,0.6488261818885803,0.004353233613073826,0.11419465392827988
240,-26.0172,-3.4867,-29.5039,-26.3047,-7.0859,0.0,0.0,0.9848214387893677,0.8977566361427307,0.855555534362793,0.7852845788002014,0.909970223903656,0.13059701025485992,0.6774331331253052,0.00349813443608582,0.08399409055709839
245,-25.7313,-4.225,-29.9563,-25.3359,-9.1406,0.0,0.0,0.971234142780304,0.8688475489616394,0.8971962332725525,0.6823605298995972,0.8876488208770752,0.1256607621908188,0.6451725959777832,0.004158893134444952,0.1205301582813263
250,-25.209,-5.1277,-30.3367,-23.8438,-11.8906,0.0,0.0,0.9747259616851807,0.8285695910453796,0.8809523582458496,0.6423248648643494,0.8325892686843872,0.12764303386211395,0.6064987778663635,0.0048973881639540195,0.15648320317268372
255,-24.916,-5.8238,-30.7398,-23.6484,-12.3984,0.0,0.0,0.965061366558075,0.8046426773071289,0.7944444417953491,0.5830591917037964,0.8028273582458496,0.12348414212465286,0.5759872794151306,0.00699626887217164,0.1890547275543213
260,-26.2473,-3.3793,-29.6266,-26.6953,-6.375,0.0,0.0,0.9756335020065308,0.8964093923568726,0.898876428604126,0.8094149827957153,0.913690447807312,0.11963619291782379,0.6873834133148193,0.0034592661540955305,0.0850435346364975
265,-26.1996,-3.2566,-29.4563,-26.8906,-6.0781,0.0,0.0,0.9808335900306702,0.9105608463287354,0.9024389982223511,0.7801311016082764,0.9159226417541504,0.1277596354484558,0.6875,0.0031871891114860773,0.07707556337118149
270,-25.6555,-4.3391,-29.9945,-24.9531,-9.8594,0.0,0.0,0.9758039712905884,0.8678066730499268,0.8640776872634888,0.6567116975784302,0.8761160969734192,0.12690454721450806,0.6409748196601868,0.004003420472145081,0.12363961338996887
275,-25.7301,-4.2461,-29.9762,-25.2969,-9.3125,0.0,0.0,0.9716068506240845,0.8638195395469666,0.8295454382896423,0.7322229146957397,0.8523065447807312,0.12457244843244553,0.6461831331253052,0.0034203981049358845,0.12134639173746109
280,-26.0316,-3.8516,-29.8832,-26.2891,-7.1172,0.0,0.0,0.9772209525108337,0.8687692880630493,0.8536585569381714,0.7580527067184448,0.9281994104385376,0.11944185197353363,0.6667055487632751,0.0031871891114860773,0.10618781298398972
285,-26.1363,-3.4969,-29.6332,-26.4453,-6.9922,0.0,0.0,0.982342004776001,0.8967553377151489,0.9180327653884888,0.7399219870567322,0.9226190447807312,0.12546642124652863,0.678016185760498,0.002370957750827074,0.08966884016990662
290,-26.6422,-2.5285,-29.1707,-27.9844,-3.8438,0.0,0.0,0.9880765676498413,0.9399289488792419,0.9534883499145508,0.8928571343421936,0.9397321343421936,0.12387282401323318,0.7220926880836487,0.0016713308868929744,0.04788557067513466
295,-26.5105,-2.7355,-29.2461,-27.9297,-3.9297,0.0,0.0,0.9875156283378601,0.926232635974884,0.9210526347160339,0.8974359035491943,0.945684552192688,0.12453357875347137,0.7134250402450562,0.001476990059018135,0.05608675256371498
300,-26.4719,-2.6805,-29.1523,-27.3984,-5.0391,0.0,0.0,0.9868813157081604,0.9337661862373352,1.0,0.8885496258735657,0.9404761791229248,0.1303638070821762,0.7124145030975342,0.001826803432777524,0.05091729015111923
305,-26.3125,-3.2055,-29.518,-26.6094,-6.5938,0.0,0.0,0.979899525642395,0.907916247844696,0.9056603908538818,0.8086538314819336,0.9162946343421936,0.12375622242689133,0.6888603568077087,0.002060012426227331,0.08084577322006226
310,-26.8777,-2.1465,-29.0242,-28.7969,-2.1719,0.0,0.0,0.9887820482254028,0.955627977848053,0.9599999785423279,0.9387514591217041,0.9754464030265808,0.12126865983009338,0.7393112778663635,0.0019434079295024276,0.03299906849861145
315,-26.4625,-2.7227,-29.1852,-27.8125,-4.1641,0.0,0.0,0.9795856475830078,0.9334789514541626,1.0,0.8839221596717834,0.9322916865348816,0.12756529450416565,0.7116760015487671,0.002370957750827074,0.053910136222839355
320,-26.5219,-2.727,-29.2488,-27.6953,-4.3281,0.0,0.0,0.9816027283668518,0.9320028424263,0.8983050584793091,0.8494773507118225,0.941220223903656,0.12465018779039383,0.7128031849861145,0.0022932214196771383,0.05577581003308296
325,-26.4711,-2.7137,-29.1848,-27.7891,-4.3047,0.0,0.0,0.9811033010482788,0.9339627623558044,0.9464285969734192,0.8586956262588501,0.9441964030265808,0.1275264322757721,0.7121812701225281,0.002176616806536913,0.05363805964589119
330,-26.3934,-2.9828,-29.3762,-26.4922,-6.6875,0.0,0.0,0.97195965051651,0.9185660481452942,0.9677419066429138,0.8202710747718811,0.9464285969734192,0.123367540538311,0.7025808691978455,0.003614738816395402,0.06595926731824875
335,-26.2082,-3.3461,-29.5543,-26.0625,-7.6641,0.0,0.0,0.976722240447998,0.9022952914237976,0.9534883499145508,0.8089202046394348,0.9010416865348816,0.12356188148260117,0.685828685760498,0.0033426617737859488,0.08278918266296387
340,-26.493,-2.7824,-29.2754,-27.0703,-5.7188,0.0,0.0,0.982791006565094,0.932152271270752,0.8620689511299133,0.8178893327713013,0.9356398582458496,0.12422263622283936,0.7086442708969116,0.0022543531376868486,0.06040111929178238
345,-26.2199,-3.3473,-29.5672,-26.2031,-7.3125,0.0,0.0,0.9745122790336609,0.8978123068809509,0.8941176533699036,0.7941865921020508,0.9423363208770752,0.12352301180362701,0.6857898235321045,0.003303793491795659,0.08290578424930573
350,-26.3984,-3.1074,-29.5059,-27.2109,-5.3906,0.0,0.0,0.9819355010986328,0.9011644124984741,0.9354838728904724,0.890098512172699,0.9315476417541504,0.12049129605293274,0.6976445913314819,0.00240982579998672,0.07497668266296387
355,-26.1602,-3.332,-29.4922,-26.4297,-6.9766,0.0,0.0,0.9760368466377258,0.9036254286766052,0.8817204236984253,0.7936962842941284,0.9281994104385376,0.12651586532592773,0.6840018630027771,0.003614738816395402,0.08138992637395859
360,-25.8266,-4.0074,-29.834,-25.2969,-9.1719,0.0,0.0,0.9682979583740234,0.8771159052848816,0.8818181753158569,0.7113220691680908,0.898809552192688,0.12628264725208282,0.654423177242279,0.004275497514754534,0.11054104566574097
365,-25.5012,-4.4109,-29.9121,-25.4453,-8.7344,0.0,0.0,0.9608823657035828,0.8552631735801697,0.8732394576072693,0.7289423942565918,0.8820684552192688,0.1321517378091812,0.6351057291030884,0.005519278813153505,0.12274564802646637
370,-25.1949,-5.1957,-30.3906,-25.2344,-9.2969,0.0,0.0,0.9553734064102173,0.8264099955558777,0.8384615182876587,0.6357263922691345,0.8493303656578064,0.12803171575069427,0.6016402244567871,0.005052860826253891,0.160797581076622
375,-26.0113,-3.5945,-29.6059,-27.125,-5.5859,0.0,0.0,0.9607054591178894,0.8815706372261047,0.9385964870452881,0.8541935682296753,0.9252232313156128,0.12562188506126404,0.6751010417938232,0.004430970177054405,0.09036847203969955
380,-26.1664,-3.3711,-29.5375,-27.4844,-4.9609,0.0,0.0,0.9707983732223511,0.8973487615585327,0.8775510191917419,0.8565910458564758,0.9006696343421936,0.12511660158634186,0.6861007213592529,0.0038090795278549194,0.08049596101045609
385,-26.0078,-3.5664,-29.5742,-27.2266,-5.4062,0.0,0.0,0.967332124710083,0.8886065483093262,0.9159663915634155,0.8289816975593567,0.9107142686843872,0.1284981369972229,0.6730799078941345,0.004625311121344566,0.08931902796030045
390,-26.0648,-3.5414,-29.6063,-26.9609,-5.8906,0.0,0.0,0.9622874855995178,0.8878707885742188,0.9174311757087708,0.8361682891845703,0.9140625,0.1257385015487671,0.6787158250808716,0.004236629232764244,0.0868314653635025
395,-25.6156,-4.0262,-29.6418,-26.4922,-6.6172,0.0,0.0,0.94925457239151,0.8718777894973755,0.8894472122192383,0.8122648596763611,0.890997052192688,0.1355721354484558,0.6489039063453674,0.007734763901680708,0.10331156849861145
400,-25.6141,-4.2637,-29.8777,-26.2969,-6.9141,0.0,0.0,0.952144205570221,0.85530024766922,0.8958333134651184,0.7895981073379517,0.879092276096344,0.1250777393579483,0.6478933691978455,0.007462686393409967,0.11508861929178238
405,-24.9539,-5.4398,-30.3938,-26.2031,-7.2891,0.0,0.0,0.9164143204689026,0.8001830577850342,0.8432055711746216,0.7173442244529724,0.8415178656578064,0.1283426582813263,0.5944496393203735,0.011155162006616592,0.16157494485378265
410,-25.4582,-4.6457,-30.1039,-26.8828,-5.8828,0.0,0.0,0.9249762296676636,0.826242208480835,0.9166666865348816,0.8022432327270508,0.8872767686843872,0.12278451770544052,0.6312577724456787,0.009794776327908039,0.1316853165626526
415,-24.8449,-5.6988,-30.5438,-25.8984,-8.0156,0.0,0.0,0.9092598557472229,0.7738300561904907,0.8096774220466614,0.7571914196014404,0.8173363208770752,0.12550528347492218,0.5863650441169739,0.012049129232764244,0.17160291969776154
420,-25.0848,-5.2121,-30.2969,-26.8281,-6.1562,0.0,0.0,0.8947700262069702,0.8040401339530945,0.8894878625869751,0.7922044992446899,0.8292410969734192,0.123367540538311,0.6041666865348816,0.014420087449252605,0.1535681039094925
425,-24.5207,-6.1668,-30.6875,-27.2109,-5.3438,0.0,0.0,0.8563345074653625,0.7662019729614258,0.8363636136054993,0.7353509068489075,0.761904776096344,0.12363961338996887,0.5715562701225281,0.01923973858356476,0.18108674883842468
430,-24.2211,-6.8375,-31.0586,-25.9531,-7.7422,0.0,0.0,0.8625637888908386,0.7186121940612793,0.8067728877067566,0.7036105394363403,0.7518601417541504,0.12189054489135742,0.5377410054206848,0.019511815160512924,0.2163790464401245
435,-24.7805,-5.6672,-30.4477,-26.5938,-6.6953,0.0,0.0,0.861343264579773,0.7683876752853394,0.895348846912384,0.8107724785804749,0.8452380895614624,0.12558302283287048,0.5886971354484558,0.016713308170437813,0.16452892124652863
440,-24.318,-6.407,-30.725,-27.4141,-4.6562,0.0,0.0,0.8228445649147034,0.7479206919670105,0.7904000282287598,0.758785605430603,0.7786458134651184,0.12352301180362701,0.5607898235321045,0.02429259940981865,0.18691697716712952
445,-24.5484,-6.1242,-30.6727,-27.0859,-5.3828,0.0,0.0,0.844001293182373,0.7525393962860107,0.8234265446662903,0.7859275341033936,0.7842261791229248,0.12084110826253891,0.5701570510864258,0.02223258651793003,0.1822916716337204
450,-24.5262,-6.1746,-30.7008,-27.2656,-5.1641,0.0,0.0,0.8314387798309326,0.7591150999069214,0.7890365719795227,0.7279863953590393,0.8470982313156128,0.11967506259679794,0.5692630410194397,0.023398632183670998,0.1831856369972229
455,-24.9266,-5.6094,-30.5359,-27.625,-4.4688,0.0,0.0,0.8495840430259705,0.7870333790779114,0.8157894611358643,0.7768672704696655,0.8154761791229248,0.11679881811141968,0.5935167670249939,0.019200870767235756,0.1660059094429016
460,-24.8645,-5.4629,-30.3273,-27.7266,-4.3359,0.0,0.0,0.8217853903770447,0.7946900129318237,0.8631922006607056,0.822601854801178,0.8351934552192688,0.1206078976392746,0.6031560897827148,0.023865049704909325,0.14789333939552307
465,-24.2871,-6.477,-30.7641,-27.7109,-4.4141,0.0,0.0,0.8070865869522095,0.7488770484924316,0.7742782235145569,0.7684387564659119,0.745907723903656,0.11847014725208282,0.5624611377716064,0.029617536813020706,0.1849735677242279
470,-23.2633,-8.2188,-31.482,-27.2578,-5.0859,0.0,0.0,0.6965050101280212,0.6667971611022949,0.666942834854126,0.698993444442749,0.6703869104385376,0.10898631811141968,0.4963463842868805,0.04691386967897415,0.24327580630779266
475,-22.6641,-8.8277,-31.4918,-27.75,-3.7266,0.0,0.0,0.6264204382896423,0.6641894578933716,0.646282970905304,0.6729519963264465,0.632440447807312,0.1094527393579483,0.47594061493873596,0.06483209133148193,0.24529695510864258
480,-23.0977,-8.0531,-31.1508,-27.5703,-4.5078,0.0,0.0,0.6770833134651184,0.6952484250068665,0.6819204688072205,0.6882548332214355,0.7325148582458496,0.11940298229455948,0.5022543668746948,0.051811255514621735,0.22205379605293274
485,-22.3594,-9.5473,-31.9066,-26.7891,-5.7656,0.0,0.0,0.667479932308197,0.6044927835464478,0.6158376932144165,0.6236368417739868,0.6279761791229248,0.11151275038719177,0.43948227167129517,0.05939054861664772,0.2851368188858032
490,-21.3098,-11.5691,-32.8789,-26.7578,-5.8516,0.0,0.0,0.5306388735771179,0.534284234046936,0.493913859128952,0.5143357515335083,0.508184552192688,0.0894356369972229,0.36788713932037354,0.08302238583564758,0.35517725348472595
495,-22.4836,-9.3727,-31.8563,-26.0938,-7.2969,0.0,0.0,0.7294589281082153,0.6140289306640625,0.5935436487197876,0.606347918510437,0.6462053656578064,0.1163712665438652,0.4432913661003113,0.0529773011803627,0.2828824520111084
500,-23.1129,-8.3883,-31.5012,-26.9531,-5.7656,0.0,0.0,0.6912016272544861,0.6495453715324402,0.663914144039154,0.6824175715446472,0.734747052192688,0.11353389173746109,0.48732897639274597,0.04706934094429016,0.24759016931056976
505,-24.0559,-6.8633,-30.9191,-27.6328,-4.3594,0.0,0.0,0.731859028339386,0.7218880653381348,0.7430406808853149,0.7728793621063232,0.7987351417541504,0.11248445510864258,0.5492459535598755,0.03630286082625389,0.19748911261558533
510,-24.3227,-6.0965,-30.4191,-28.25,-3.1719,0.0,0.0,0.7701185345649719,0.7770914435386658,0.7373380661010742,0.7990711331367493,0.8296130895614624,0.12461131811141968,0.5789023637771606,0.03299906849861145,0.1590096354484558
515,-22.798,-8.9418,-31.7398,-27.4062,-4.7422,0.0,0.0,0.6767748594284058,0.6394878029823303,0.6465892791748047,0.6433224678039551,0.6469494104385376,0.10894744843244553,0.47049906849861145,0.053560324013233185,0.2625155448913574
520,-21.4652,-11.516,-32.9813,-26.7031,-6.125,0.0,0.0,0.5466156005859375,0.5030328631401062,0.5143753290176392,0.5224609375,0.5446428656578064,0.09130130708217621,0.3716573417186737,0.07435479015111923,0.35820895433425903
525,-22.4633,-9.4402,-31.9035,-26.6562,-6.1484,0.0,0.0,0.6410074234008789,0.6082420349121094,0.6363036036491394,0.6313159465789795,0.644717276096344,0.10956934094429016,0.44706156849861145,0.05888526141643524,0.2800062298774719
530,-22.6949,-9.1738,-31.8687,-26.8906,-5.7734,0.0,0.0,0.677094578742981,0.6154237985610962,0.5862815976142883,0.6435727477073669,0.667782723903656,0.10809235274791718,0.45813900232315063,0.05383240059018135,0.2754586338996887
535,-23.348,-8.1254,-31.4734,-25.9062,-7.7656,0.0,0.0,0.7670454382896423,0.653882622718811,0.7328699231147766,0.6703674793243408,0.7247023582458496,0.1162935346364975,0.4915267527103424,0.039140235632658005,0.24856187403202057
540,-23.8793,-7.159,-31.0383,-27.2031,-5.2422,0.0,0.0,0.7653909921646118,0.7117274403572083,0.750795304775238,0.7266106605529785,0.765252947807312,0.11679881811141968,0.5339319109916687,0.03665267303586006,0.20813898742198944
545,-23.5844,-7.6152,-31.1996,-27.5,-4.5312,0.0,0.0,0.7258330583572388,0.6880542635917664,0.7860040664672852,0.7119914293289185,0.7470238208770752,0.11780939251184464,0.5215718150138855,0.03832400590181351,0.21781715750694275
550,-22.4844,-9.6687,-32.1531,-26.3047,-7.0391,0.0,0.0,0.6510927081108093,0.5917091965675354,0.6263440847396851,0.6040339469909668,0.6343005895614624,0.10315609723329544,0.44162002205848694,0.05783582106232643,0.29291045665740967
555,-22.0277,-10.2973,-32.325,-25.8828,-7.9062,0.0,0.0,0.6371354460716248,0.5599279403686523,0.6047940850257874,0.5715861916542053,0.624627947807312,0.10529384016990662,0.4099036157131195,0.06323849409818649,0.31708642840385437
560,-22.1113,-10.0785,-32.1898,-26.0781,-7.0938,0.0,0.0,0.6791519522666931,0.5817281007766724,0.6324394941329956,0.5670394897460938,0.6015625,0.10999689251184464,0.4237406849861145,0.059429414570331573,0.30235540866851807
565,-22.5664,-9.2445,-31.8109,-26.3594,-6.3672,0.0,0.0,0.7023690342903137,0.6070166230201721,0.6871212124824524,0.6200505495071411,0.6785714030265808,0.11648787558078766,0.4509095251560211,0.051305968314409256,0.27681902050971985
570,-22.8699,-8.7746,-31.6445,-27.1875,-5.1094,0.0,0.0,0.6621100306510925,0.6421898007392883,0.6610169410705566,0.6552504301071167,0.6964285969734192,0.11089085787534714,0.4742692708969116,0.05274409055709839,0.25761815905570984
575,-24.6406,-5.6141,-30.2547,-28.9375,-1.8438,0.0,0.0,0.7870576977729797,0.804385781288147,0.7812895178794861,0.8275390267372131,0.8091517686843872,0.12192941457033157,0.6008628606796265,0.03074471466243267,0.14198538661003113
580,-24.6871,-5.3207,-30.0078,-28.3125,-3.0938,0.0,0.0,0.8204586505889893,0.8325614333152771,0.8026490211486816,0.7810218930244446,0.8325892686843872,0.12880907952785492,0.6042444109916687,0.02934546023607254,0.13312344253063202
585,-24.6332,-5.5656,-30.1988,-28.375,-2.8281,0.0,0.0,0.7808917164802551,0.8107359409332275,0.7822014093399048,0.8211451172828674,0.8225446343421936,0.12204602360725403,0.6031560897827148,0.03319340944290161,0.1371268630027771
590,-24.352,-6.1105,-30.4625,-28.3281,-2.8516,0.0,0.0,0.7705022096633911,0.7776219248771667,0.8257211446762085,0.798631489276886,0.780877947807312,0.12227922677993774,0.581856369972229,0.03233831003308296,0.15904851257801056
595,-24.5805,-5.827,-30.4074,-28.0859,-3.3359,0.0,0.0,0.7777777910232544,0.7926797270774841,0.8311218619346619,0.8095601201057434,0.7782738208770752,0.11893656849861145,0.5914956331253052,0.032221704721450806,0.15286846458911896
600,-24.5992,-5.5445,-30.1437,-28.6172,-2.4141,0.0,0.0,0.7883778810501099,0.805343747138977,0.8317191004753113,0.8301835060119629,0.8411458134651184,0.1250777393579483,0.5964319109916687,0.03210509940981865,0.14190764725208282
605,-24.4199,-6.1152,-30.5352,-28.3594,-3.0,0.0,0.0,0.776961624622345,0.768703818321228,0.803389847278595,0.7822014093399048,0.8292410969734192,0.11641013622283936,0.5787469148635864,0.03439832106232643,0.16596704721450806
610,-22.6676,-8.6824,-31.35,-27.7109,-4.0625,0.0,0.0,0.6550440192222595,0.6642614006996155,0.6499694585800171,0.6737530827522278,0.6901041865348816,0.11481653898954391,0.4793998897075653,0.06362717598676682,0.23767879605293274
615,-22.7254,-8.8082,-31.5336,-27.0781,-5.5625,0.0,0.0,0.6558533310890198,0.6530545353889465,0.6470967531204224,0.6667706966400146,0.6584821343421936,0.11023010313510895,0.4759017527103424,0.06024564802646637,0.24914489686489105
620,-23.0074,-8.3941,-31.4016,-26.9922,-5.3125,0.0,0.0,0.6522939205169678,0.6658201813697815,0.6673699021339417,0.6999019384384155,0.6908482313156128,0.11267879605293274,0.48977768421173096,0.05527052283287048,0.2377953976392746
625,-23.8148,-6.7863,-30.6012,-27.7031,-4.0312,0.0,0.0,0.7224154472351074,0.7518510818481445,0.728723406791687,0.7664185762405396,0.8013392686843872,0.12293998897075653,0.5511893630027771,0.043843284249305725,0.17754974961280823
630,-22.8012,-8.2289,-31.0301,-27.5391,-4.5234,0.0,0.0,0.672835648059845,0.6900709271430969,0.666880190372467,0.7066594958305359,0.7165178656578064,0.12391169369220734,0.4932369291782379,0.060673195868730545,0.2177005559206009
635,-22.1039,-10.193,-32.2969,-25.5312,-8.4219,0.0,0.0,0.6549118161201477,0.5708010196685791,0.594072163105011,0.5676653981208801,0.6227678656578064,0.10801461338996887,0.415850430727005,0.060323383659124374,0.31133395433425903
640,-21.8441,-10.1852,-32.0293,-26.3281,-6.9219,0.0,0.0,0.6601680517196655,0.5897748470306396,0.6171197295188904,0.5746482610702515,0.586309552192688,0.11563277244567871,0.41433456540107727,0.06720304489135742,0.2983520030975342
645,-22.5398,-9.4594,-31.9992,-26.5312,-6.4922,0.0,0.0,0.693906307220459,0.6038938164710999,0.6757153272628784,0.6017063856124878,0.6320684552192688,0.1103467047214508,0.44519588351249695,0.0529773011803627,0.28700247406959534
650,-21.532,-11.4117,-32.9438,-24.9297,-9.5547,0.0,0.0,0.6164542436599731,0.4956604540348053,0.588935136795044,0.4967817962169647,0.5870535969734192,0.10062966495752335,0.36722636222839355,0.06533737480640411,0.36232897639274597
655,-20.4539,-12.8613,-33.3152,-23.3047,-12.9219,0.0,0.0,0.6114766001701355,0.45595526695251465,0.5494287014007568,0.3970644772052765,0.5279017686843872,0.10634328424930573,0.30577582120895386,0.07824160158634186,0.40516167879104614
660,-20.7773,-13.1801,-33.9574,-23.5234,-12.5547,0.0,0.0,0.6031042337417603,0.44934260845184326,0.5341615080833435,0.363095223903656,0.4557291567325592,0.0876476988196373,0.30153918266296387,0.06883551180362701,0.4375
665,-20.6117,-13.032,-33.6437,-22.6719,-14.1406,0.0,0.0,0.6557440161705017,0.478799045085907,0.5383765697479248,0.35576486587524414,0.4680059552192688,0.10082400590181351,0.2951647937297821,0.0703902393579483,0.42914333939552307
670,-20.459,-13.5133,-33.9723,-22.9609,-13.375,0.0,0.0,0.6336065530776978,0.42984411120414734,0.5355220437049866,0.3376881778240204,0.4743303656578064,0.09483830630779266,0.2792288661003113,0.07221703976392746,0.4492381811141968
675,-20.3687,-13.6223,-33.991,-21.4219,-16.6406,0.0,0.0,0.6644711494445801,0.46332377195358276,0.5305299758911133,0.30818361043930054,0.4497767984867096,0.10031872242689133,0.2712997496128082,0.06747512519359589,0.45642879605293274
680,-19.5281,-14.7234,-34.2516,-22.5859,-14.0547,0.0,0.0,0.5739202499389648,0.39752161502838135,0.4413619041442871,0.29084157943725586,0.4244791567325592,0.09359452873468399,0.23837842047214508,0.09246735274791718,0.47108209133148193
685,-21.0148,-12.2516,-33.2664,-24.1094,-11.1484,0.0,0.0,0.6481135487556458,0.49717047810554504,0.5311791300773621,0.4158347249031067,0.5171130895614624,0.10405006259679794,0.3296797275543213,0.06856343150138855,0.3932291567325592
690,-20.9664,-12.0566,-33.023,-23.8438,-11.6562,0.0,0.0,0.6679899096488953,0.4979785084724426,0.5536388158798218,0.434867262840271,0.53125,0.10770367085933685,0.33648166060447693,0.0721004381775856,0.37923663854599
695,-21.3664,-11.423,-32.7895,-24.5156,-10.5938,0.0,0.0,0.6687608957290649,0.5125230550765991,0.6003717184066772,0.47194260358810425,0.5881696343421936,0.11135727912187576,0.3584810197353363,0.06273321062326431,0.36295086145401
700,-22.3359,-9.7102,-32.0461,-24.8438,-9.8438,0.0,0.0,0.7047204375267029,0.5893864631652832,0.6679216623306274,0.579532265663147,0.648809552192688,0.11609919369220734,0.4270055890083313,0.051616914570331573,0.3008006811141968
705,-22.9352,-8.7918,-31.727,-25.1953,-9.3984,0.0,0.0,0.7163217067718506,0.6223665475845337,0.7123287916183472,0.6473395228385925,0.691220223903656,0.11454446613788605,0.46676772832870483,0.045398011803627014,0.2688121795654297
710,-23.8578,-7.2359,-31.0938,-26.3281,-7.0156,0.0,0.0,0.8212903141975403,0.7057132124900818,0.7765006422996521,0.6984978318214417,0.7392113208770752,0.12049129605293274,0.5272465944290161,0.030433768406510353,0.21735075116157532
715,-24.982,-5.2664,-30.2484,-28.0859,-3.5469,0.0,0.0,0.8455623388290405,0.8050626516342163,0.875,0.8047128915786743,0.8604910969734192,0.12130752205848694,0.6111240386962891,0.019589552655816078,0.14350123703479767
720,-24.5008,-5.9324,-30.4332,-26.9922,-5.8047,0.0,0.0,0.8298921585083008,0.772549569606781,0.8547655344009399,0.8039534687995911,0.7890625,0.1261271834373474,0.5765702724456787,0.02569185383617878,0.16713307797908783
725,-24.0777,-6.7316,-30.8094,-26.375,-6.7578,0.0,0.0,0.7982981204986572,0.7393515706062317,0.7902374863624573,0.7275848388671875,0.7779017686843872,0.12332867085933685,0.5502565503120422,0.029462065547704697,0.1924751251935959
730,-23.2801,-8.0129,-31.293,-26.2109,-7.0156,0.0,0.0,0.7560092210769653,0.6882321238517761,0.6925133466720581,0.6519198417663574,0.7206101417541504,0.11804260313510895,0.5010494589805603,0.04361007362604141,0.2328202724456787
735,-22.3254,-9.5109,-31.8363,-26.1797,-7.125,0.0,0.0,0.6634078025817871,0.6156023144721985,0.638014554977417,0.6039068698883057,0.6592261791229248,0.11131840944290161,0.4394434094429016,0.0642101988196373,0.28055036067962646
740,-21.9992,-10.4809,-32.4801,-25.1172,-9.1797,0.0,0.0,0.6269933581352234,0.5678988695144653,0.5977286100387573,0.5342680811882019,0.617559552192688,0.099930040538311,0.4090096354484558,0.0650264322757721,0.3215562701225281
745,-21.8949,-10.5723,-32.4672,-24.7578,-9.4766,0.0,0.0,0.6162528395652771,0.5520694255828857,0.5950363278388977,0.5450024008750916,0.6316964030265808,0.10331156849861145,0.4075715243816376,0.0642101988196373,0.32042911648750305
750,-21.3637,-11.7145,-33.0781,-24.1016,-11.3047,0.0,0.0,0.6187475323677063,0.4819986820220947,0.5845523476600647,0.47766464948654175,0.5651041865348816,0.09868625551462173,0.3562655448913574,0.06642568111419678,0.37414491176605225
755,-20.0266,-13.9938,-34.0203,-23.25,-12.9375,0.0,0.0,0.5128540396690369,0.39390090107917786,0.48779425024986267,0.36233285069465637,0.4281994104385376,0.08920242637395859,0.2753031849861145,0.08916355669498444,0.44185322523117065
760,-19.2152,-14.5301,-33.7453,-23.2422,-12.25,0.0,0.0,0.4680567979812622,0.39978885650634766,0.42108625173568726,0.35981860756874084,0.4248511791229248,0.08760882914066315,0.2577347755432129,0.1216573417186737,0.42852145433425903
765,-19.8586,-13.8188,-33.6773,-23.6797,-11.7031,0.0,0.0,0.4736398160457611,0.4000275433063507,0.5032831430435181,0.38445183634757996,0.4866071343421936,0.09215640276670456,0.28226056694984436,0.10062966495752335,0.4204757511615753
770,-20.4785,-13.1918,-33.6703,-23.1797,-12.8438,0.0,0.0,0.5970394611358643,0.4488414525985718,0.5232957601547241,0.3764122426509857,0.4739583432674408,0.09452736377716064,0.2985852062702179,0.07925217598676682,0.423157662153244
775,-19.143,-15.3027,-34.4457,-21.3672,-16.3984,0.0,0.0,0.4887459874153137,0.3456229269504547,0.42473703622817993,0.2929823100566864,0.3850446343421936,0.08461598306894302,0.22244247794151306,0.10715951770544052,0.481304407119751
780,-18.9543,-15.9145,-34.8688,-21.3516,-16.4766,0.0,0.0,0.4739217758178711,0.3321533799171448,0.39013779163360596,0.2490343153476715,0.3701636791229248,0.07750310748815536,0.19764459133148193,0.10719837993383408,0.5131763219833374
785,-17.9098,-17.4855,-35.3953,-20.5547,-17.9297,0.0,0.0,0.3854651153087616,0.2705352306365967,0.31257274746894836,0.18610914051532745,0.3046875,0.06685323268175125,0.14668843150138855,0.1335510015487671,0.5484297275543213
790,-18.2828,-16.8391,-35.1219,-20.7812,-17.7109,0.0,0.0,0.4661848247051239,0.3133348822593689,0.3574206233024597,0.20443636178970337,0.3102678656578064,0.07528762519359589,0.165850430727005,0.11994714289903641,0.5344371795654297
795,-19.027,-15.8605,-34.8875,-20.8438,-17.8438,0.0,0.0,0.5239211916923523,0.3631484806537628,0.41577062010765076,0.2299865335226059,0.357514888048172,0.08286691457033157,0.19554570317268372,0.09759794920682907,0.5195118188858032
800,-19.843,-14.5813,-34.4242,-21.0469,-17.3438,0.0,0.0,0.6193873286247253,0.4271523058414459,0.5099900364875793,0.26714229583740234,0.3954613208770752,0.09262282401323318,0.23476368188858032,0.07781405746936798,0.4903218150138855
805,-19.2094,-15.3258,-34.5352,-21.1875,-16.8281,0.0,0.0,0.5730385780334473,0.39077937602996826,0.4476534426212311,0.252779096364975,0.363467276096344,0.08966884016990662,0.21245336532592773,0.09689831733703613,0.4965018630027771
810,-18.7082,-16.4301,-35.1383,-21.2891,-16.8828,0.0,0.0,0.5040526986122131,0.3425179123878479,0.34703528881073,0.21114559471607208,0.3422619104385376,0.07672574371099472,0.1735074669122696,0.1068485677242279,0.5384405851364136
815,-19.4957,-14.5785,-34.0742,-22.0625,-15.2656,0.0,0.0,0.5927371978759766,0.4193861186504364,0.474261611700058,0.28584611415863037,0.433779776096344,0.09954135864973068,0.24059391021728516,0.092117540538311,0.46326959133148193
820,-20.1086,-13.8426,-33.9512,-22.8281,-13.6172,0.0,0.0,0.61276775598526,0.4355255663394928,0.4586016535758972,0.3328704237937927,0.4538690447807312,0.09254508465528488,0.2706778645515442,0.08449938148260117,0.44780007004737854
825,-21.1305,-11.916,-33.0465,-23.5078,-12.375,0.0,0.0,0.6732255816459656,0.5123751163482666,0.5637136101722717,0.4222632944583893,0.554315447807312,0.11061877757310867,0.3423507511615753,0.06405472755432129,0.3784981369972229
830,-20.416,-12.9043,-33.3203,-23.2969,-12.6562,0.0,0.0,0.6222955584526062,0.4649167060852051,0.5154440402984619,0.39042356610298157,0.523065447807312,0.10599347203969955,0.30799129605293274,0.08053482323884964,0.40100279450416565
835,-20.2828,-13.4438,-33.7266,-22.3594,-14.625,0.0,0.0,0.6024720668792725,0.44170039892196655,0.5380929708480835,0.339646577835083,0.5286458134651184,0.09748134016990662,0.2880130708217621,0.08111784607172012,0.42891013622283936
840,-21.0418,-12.282,-33.3238,-23.2109,-13.0625,0.0,0.0,0.6656683087348938,0.4779064357280731,0.5556227564811707,0.4063018262386322,0.5595238208770752,0.10381685197353363,0.32898008823394775,0.0642879381775856,0.3984375
845,-21.6586,-11.1656,-32.8242,-23.8984,-11.3828,0.0,0.0,0.7134189605712891,0.5463040471076965,0.6645962595939636,0.4225580096244812,0.6361607313156128,0.10890857875347137,0.3701803386211395,0.056319963186979294,0.3601135015487671
850,-21.4609,-11.7719,-33.2328,-23.3125,-12.8828,0.0,0.0,0.6680498123168945,0.483161062002182,0.6139985918998718,0.4329078197479248,0.6000744104385376,0.10303948819637299,0.3496968150138855,0.05608675256371498,0.3866993188858032
855,-22.3594,-9.873,-32.2324,-25.1562,-8.8438,0.0,0.0,0.7080594897270203,0.5978792309761047,0.6819953322410583,0.5415783524513245,0.613095223903656,0.11236784607172012,0.42152518033981323,0.04986784979701042,0.3117614984512329
860,-21.3363,-11.5828,-32.9191,-24.2031,-10.9609,0.0,0.0,0.627756655216217,0.5087282061576843,0.5562987923622131,0.4779090881347656,0.566592276096344,0.10222326219081879,0.3584810197353363,0.06972947716712952,0.3650886118412018
865,-21.3199,-11.5805,-32.9004,-23.3125,-12.7422,0.0,0.0,0.6692969799041748,0.5201788544654846,0.5833831429481506,0.4401232600212097,0.601934552192688,0.10836442559957504,0.35634326934814453,0.0650264322757721,0.3657882511615753
870,-22.2629,-10.168,-32.4309,-23.9297,-11.7188,0.0,0.0,0.7137942910194397,0.562345564365387,0.6868770718574524,0.5227786302566528,0.655877947807312,0.11298973858356476,0.40897077322006226,0.046797264367341995,0.32676461338996887
875,-22.3086,-9.9453,-32.2539,-24.4766,-10.3906,0.0,0.0,0.7173763513565063,0.5847101807594299,0.6788844466209412,0.5395833253860474,0.6361607313156128,0.11318407952785492,0.41639459133148193,0.04877953976392746,0.31716418266296387
880,-22.7492,-9.1531,-31.9023,-24.875,-9.875,0.0,0.0,0.715484082698822,0.61530601978302,0.6972332000732422,0.6013673543930054,0.6796875,0.11120180040597916,0.45658427476882935,0.04916822165250778,0.2785680890083313
885,-21.5684,-11.0801,-32.6484,-24.0234,-11.3203,0.0,0.0,0.6514161229133606,0.536873459815979,0.5884848237037659,0.4865168631076813,0.629092276096344,0.10704290866851807,0.3784204125404358,0.064132459461689,0.3459266126155853
890,-21.3918,-11.3055,-32.6973,-24.2422,-10.8359,0.0,0.0,0.6383531093597412,0.5285475850105286,0.6045751571655273,0.4793490469455719,0.5967261791229248,0.10478855669498444,0.3730565905570984,0.07136193662881851,0.34631529450416565
895,-21.7234,-10.8355,-32.559,-24.8281,-9.9922,0.0,0.0,0.6251378059387207,0.5432553291320801,0.6186838746070862,0.5244983434677124,0.5918898582458496,0.10576026141643524,0.39043065905570984,0.06615360826253891,0.3331778645515442
900,-21.4266,-11.0965,-32.523,-24.1641,-10.9922,0.0,0.0,0.6485645174980164,0.521212100982666,0.6391279697418213,0.5103217363357544,0.601934552192688,0.11236784607172012,0.37838152050971985,0.06774719804525375,0.33702582120895386
905,-22.0504,-10.2777,-32.3281,-24.6875,-9.9688,0.0,0.0,0.6686577796936035,0.56402987241745,0.6804053783416748,0.5432189702987671,0.6231398582458496,0.11061877757310867,0.41126400232315063,0.057524874806404114,0.31611475348472595
910,-21.268,-10.7961,-32.0641,-24.5234,-10.0391,0.0,0.0,0.6358161568641663,0.5594054460525513,0.6200100779533386,0.5442193746566772,0.6045386791229248,0.12262903898954391,0.38701024651527405,0.07692008465528488,0.30896300077438354
915,-21.2023,-11.6504,-32.8527,-24.4766,-10.5312,0.0,0.0,0.5318307876586914,0.5172814726829529,0.5630875825881958,0.4917488098144531,0.5710565447807312,0.09829757362604141,0.36773166060447693,0.07855255156755447,0.35094061493873596
920,-21.0961,-11.5406,-32.6367,-25.9531,-7.5078,0.0,0.0,0.5365946292877197,0.498436838388443,0.564338207244873,0.5262426137924194,0.6183035969734192,0.10249533504247665,0.3729788661003113,0.08457711338996887,0.33547109365463257
925,-20.3234,-13.2008,-33.5242,-24.6562,-9.7266,0.0,0.0,0.4461749792098999,0.42487239837646484,0.48859167098999023,0.4277378022670746,0.531622052192688,0.08484919369220734,0.31222793459892273,0.09880285710096359,0.3996424078941345
930,-20.5918,-12.7496,-33.3414,-24.2734,-10.9609,0.0,0.0,0.49703872203826904,0.465501070022583,0.4830508530139923,0.44286438822746277,0.5141369104385376,0.08531560748815536,0.3312344551086426,0.09631530195474625,0.3826570212841034
935,-21.7305,-10.7523,-32.4828,-25.0547,-9.4219,0.0,0.0,0.5958318114280701,0.5575965046882629,0.5940649509429932,0.5376860499382019,0.589657723903656,0.10443874448537827,0.39781561493873596,0.0694185346364975,0.32384949922561646
940,-22.5031,-9.3195,-31.8227,-25.7969,-7.7266,0.0,0.0,0.6474769115447998,0.6085124611854553,0.6763191819190979,0.6292246580123901,0.6841517686843872,0.109375,0.45203667879104614,0.06040111929178238,0.27370956540107727
945,-23.3219,-8.1344,-31.4562,-26.8203,-5.9844,0.0,0.0,0.6801185011863708,0.6713437438011169,0.6777609586715698,0.6966589689254761,0.703497052192688,0.1049828976392746,0.5041589140892029,0.05138370767235756,0.23499688506126404
950,-22.2281,-9.2988,-31.527,-26.5781,-6.1641,0.0,0.0,0.6152297854423523,0.6373777389526367,0.6208425760269165,0.6342978477478027,0.714657723903656,0.11586598306894302,0.4529695212841034,0.07011815905570984,0.2565687298774719
955,-22.5656,-8.9496,-31.5152,-27.2266,-5.1484,0.0,0.0,0.6037876009941101,0.6548063158988953,0.6247288584709167,0.6554744243621826,0.706845223903656,0.10467195510864258,0.4795553386211395,0.07167288661003113,0.23962220549583435
960,-23.8102,-6.7793,-30.5895,-28.6719,-2.2578,0.0,0.0,0.7164080739021301,0.7712300419807434,0.6815999746322632,0.7632120847702026,0.738095223903656,0.11773165315389633,0.5593128204345703,0.0485851988196373,0.16989272832870483
965,-24.2574,-6.0559,-30.3133,-29.0,-1.6953,0.0,0.0,0.7283622026443481,0.8023402690887451,0.7570093274116516,0.802252471446991,0.7749255895614624,0.11675994843244553,0.5846160054206848,0.045747824013233185,0.14839863777160645
970,-23.1996,-7.7625,-30.9621,-28.625,-2.3516,0.0,0.0,0.6039419770240784,0.74623042345047,0.5990990996360779,0.6857317090034485,0.7555803656578064,0.10451647639274597,0.5310167670249939,0.06902985274791718,0.19095925986766815
975,-22.8125,-7.9531,-30.7656,-28.1719,-2.8125,0.0,0.0,0.6417146325111389,0.7383650541305542,0.6368077993392944,0.6902398467063904,0.7433035969734192,0.1215018630027771,0.514458954334259,0.07159514725208282,0.18796642124652863
980,-23.5902,-6.7469,-30.3371,-29.0625,-1.5469,0.0,0.0,0.6574515700340271,0.7962082028388977,0.6706192493438721,0.7588826417922974,0.7879464030265808,0.1223180964589119,0.5555814504623413,0.0590018667280674,0.1586209535598755
985,-23.7695,-6.5887,-30.3582,-28.9062,-1.7656,0.0,0.0,0.731691300868988,0.8039535284042358,0.6330083608627319,0.7290255427360535,0.7552083134651184,0.11835354566574097,0.5721781849861145,0.055814675986766815,0.1491760015487671
990,-24.6156,-5.5164,-30.132,-29.2969,-1.1953,0.0,0.0,0.7333561182022095,0.8356468081474304,0.7589927911758423,0.7954686284065247,0.8069196343421936,0.1138448417186737,0.6132229566574097,0.04322139173746109,0.12523320317268372
995,-24.4004,-5.8332,-30.2336,-28.9844,-1.6328,0.0,0.0,0.7000342607498169,0.8268510103225708,0.6838602423667908,0.7728725075721741,0.8288690447807312,0.11337842047214508,0.6016013622283936,0.04671952873468399,0.13382306694984436
1000,-24.8691,-4.8465,-29.7156,-29.4375,-0.9375,0.0,0.0,0.7528409361839294,0.8723716139793396,0.7502601742744446,0.8412387371063232,0.859747052192688,0.12313432991504669,0.635883092880249,0.0373523011803627,0.09915267676115036
1005,-24.8074,-5.0789,-29.8863,-29.4219,-0.7578,0.0,0.0,0.7626950144767761,0.8661828637123108,0.7064910531044006,0.7872734069824219,0.8292410969734192,0.1171097606420517,0.6320351362228394,0.04131685197353363,0.1050606369972229
1010,-24.9984,-4.657,-29.6555,-29.1484,-1.2812,0.0,0.0,0.7718750238418579,0.8808428049087524,0.7769396305084229,0.8242904543876648,0.8683035969734192,0.12437810748815536,0.6419464945793152,0.03606965020298958,0.09312810748815536
1015,-24.7223,-5.2504,-29.9727,-29.1094,-1.4766,0.0,0.0,0.7557908892631531,0.8501920104026794,0.7247879505157471,0.7983713150024414,0.8407738208770752,0.11745958030223846,0.6174984574317932,0.041239116340875626,0.11932525038719177
1020,-23.4984,-6.4453,-29.9438,-28.5391,-2.2891,0.0,0.0,0.7230215668678284,0.8152654767036438,0.7103399634361267,0.7799999713897705,0.780877947807312,0.1404695212841034,0.5621890425682068,0.05488184094429016,0.13798196613788605
1025,-24.1551,-5.9875,-30.1426,-28.8438,-1.6094,0.0,0.0,0.7309022545814514,0.8271352052688599,0.7196969985961914,0.7678369283676147,0.7749255895614624,0.12363961338996887,0.5884250402450562,0.04617537185549736,0.1372823417186737
1030,-23.0012,-7.659,-30.6602,-28.7656,-1.9297,0.0,0.0,0.6399217247962952,0.755243718624115,0.6374929547309875,0.7164915204048157,0.7332589030265808,0.11916977912187576,0.5262748599052429,0.06883551180362701,0.1812422275543213
1035,-23.9117,-6.7004,-30.6121,-29.125,-1.3984,0.0,0.0,0.6831614971160889,0.7710859775543213,0.7043010592460632,0.7620481848716736,0.7827380895614624,0.11310634016990662,0.5640547275543213,0.050606343895196915,0.16775497794151306
1040,-23.5199,-7.1723,-30.6922,-28.5938,-2.4375,0.0,0.0,0.6764705777168274,0.7668846845626831,0.6561450362205505,0.7298837900161743,0.7239583134651184,0.11365050077438354,0.5467195510864258,0.05787469074130058,0.17727766931056976
1045,-22.7539,-8.4781,-31.232,-27.5781,-4.3984,0.0,0.0,0.6209016442298889,0.6910231113433838,0.6366330981254578,0.6880070567131042,0.6826636791229248,0.11380597203969955,0.49576336145401,0.06557058542966843,0.2203824669122696
1050,-22.6063,-8.8121,-31.4184,-28.5391,-2.3594,0.0,0.0,0.6091205477714539,0.6614000797271729,0.6386138796806335,0.6705901622772217,0.702752947807312,0.10739272087812424,0.47971081733703613,0.07066231220960617,0.23775653541088104
